{
    "config0": {
        "Level_1": {
            "mean": 100.0,
            "std": 0.0,
            "simulation mean time": 1.7446738760010339,
            "simulation std time": 0.06436434326664106,
            "num_inter": 8,
            "num_detect": 8,
            "inter_state": [
                [
                    25,
                    38
                ],
                [
                    61,
                    40
                ],
                [
                    53,
                    62
                ],
                [
                    25,
                    14
                ],
                [
                    7,
                    68
                ],
                [
                    53,
                    6
                ],
                [
                    65,
                    66
                ],
                [
                    9,
                    8
                ]
            ],
            "detect_state": [
                [
                    25,
                    8,
                    90
                ],
                [
                    39,
                    16,
                    45
                ],
                [
                    37,
                    52,
                    20
                ],
                [
                    17,
                    36,
                    90
                ],
                [
                    21,
                    2,
                    135
                ],
                [
                    33,
                    8,
                    45
                ],
                [
                    65,
                    40,
                    150
                ],
                [
                    53,
                    50,
                    45
                ]
            ]
        },
        "Level_2": {
            "mean": 77.33333333333334,
            "std": 8.110350040397629,
            "simulation mean time": 1.8094430020055734,
            "simulation std time": 0.13355393525877624,
            "num_inter": 8,
            "num_detect": 8,
            "inter_state": [
                [
                    25,
                    38
                ],
                [
                    61,
                    40
                ],
                [
                    53,
                    62
                ],
                [
                    25,
                    14
                ],
                [
                    7,
                    68
                ],
                [
                    53,
                    6
                ],
                [
                    65,
                    66
                ],
                [
                    9,
                    8
                ]
            ],
            "detect_state": [
                [
                    25,
                    8,
                    90
                ],
                [
                    39,
                    16,
                    45
                ],
                [
                    37,
                    52,
                    20
                ],
                [
                    17,
                    36,
                    90
                ],
                [
                    21,
                    2,
                    135
                ],
                [
                    33,
                    8,
                    45
                ],
                [
                    65,
                    40,
                    150
                ],
                [
                    53,
                    50,
                    45
                ]
            ]
        },
        "Level_3": {
            "mean": 55.06666666666666,
            "std": 9.024411338142782,
            "simulation mean time": 1.6230618080031127,
            "simulation std time": 0.08724601482250832,
            "num_inter": 8,
            "num_detect": 8,
            "inter_state": [
                [
                    25,
                    38
                ],
                [
                    61,
                    40
                ],
                [
                    53,
                    62
                ],
                [
                    25,
                    14
                ],
                [
                    7,
                    68
                ],
                [
                    53,
                    6
                ],
                [
                    65,
                    66
                ],
                [
                    9,
                    8
                ]
            ],
            "detect_state": [
                [
                    25,
                    8,
                    90
                ],
                [
                    39,
                    16,
                    45
                ],
                [
                    37,
                    52,
                    20
                ],
                [
                    17,
                    36,
                    90
                ],
                [
                    21,
                    2,
                    135
                ],
                [
                    33,
                    8,
                    45
                ],
                [
                    65,
                    40,
                    150
                ],
                [
                    53,
                    50,
                    45
                ]
            ]
        },
        "Level_4": {
            "mean": 52.8,
            "std": 7.813378839457925,
            "simulation mean time": 1.8014645879901945,
            "simulation std time": 0.09111212213016569,
            "num_inter": 8,
            "num_detect": 8,
            "inter_state": [
                [
                    25,
                    38
                ],
                [
                    61,
                    40
                ],
                [
                    53,
                    62
                ],
                [
                    25,
                    14
                ],
                [
                    7,
                    68
                ],
                [
                    53,
                    6
                ],
                [
                    65,
                    66
                ],
                [
                    9,
                    8
                ]
            ],
            "detect_state": [
                [
                    25,
                    8,
                    90
                ],
                [
                    39,
                    16,
                    45
                ],
                [
                    37,
                    52,
                    20
                ],
                [
                    17,
                    36,
                    90
                ],
                [
                    21,
                    2,
                    135
                ],
                [
                    33,
                    8,
                    45
                ],
                [
                    65,
                    40,
                    150
                ],
                [
                    53,
                    50,
                    45
                ]
            ]
        },
        "Level_5": {
            "mean": 49.53333333333333,
            "std": 8.743505526325746,
            "simulation mean time": 2.053954764006194,
            "simulation std time": 0.14658263795082038,
            "num_inter": 8,
            "num_detect": 8,