{
    "config0": {
        "Level_1": {
            "mean": 74.68571428571428,
            "std": 5.2297422576674535,
            "simulation mean time": 4.1138666219962765,
            "simulation std time": 0.0982307206260058,
            "num_inter": 4,
            "num_detect": 10,
            "inter_state": [
                [
                    62,
                    35
                ],
                [
                    10,
                    50
                ],
                [
                    45,
                    32
                ],
                [
                    10,
                    24
                ]
            ],
            "detect_state": [
                [
                    10,
                    50,
                    90
                ],
                [
                    76,
                    60,
                    100
                ],
                [
                    30,
                    55,
                    90
                ],
                [
                    36,
                    50,
                    55
                ],
                [
                    60,
                    50,
                    100
                ],
                [
                    20,
                    32,
                    45
                ],
                [
                    36,
                    20,
                    75
                ],
                [
                    75,
                    32,
                    110
                ],
                [
                    65,
                    18,
                    110
                ],
                [
                    5,
                    22,
                    75
                ]
            ]
        },
        "Level_2": {
            "mean": 74.85714285714286,
            "std": 4.668609896676626,
            "simulation mean time": 4.057137762003112,
            "simulation std time": 0.1525204666765588,
            "num_inter": 4,
            "num_detect": 10,
            "inter_state": [
                [
                    62,
                    35
                ],
                [
                    10,
                    50
                ],
                [
                    45,
                    32
                ],
                [
                    10,
                    24
                ]
            ],
            "detect_state": [
                [
                    10,
                    50,
                    90
                ],
                [
                    76,
                    60,
                    100
                ],
                [
                    30,
                    55,
                    90
                ],
                [
                    36,
                    50,
                    55
                ],
                [
                    60,
                    50,
                    100
                ],
                [
                    20,
                    32,
                    45
                ],
                [
                    36,
                    20,
                    75
                ],
                [
                    75,
                    32,
                    110
                ],
                [
                    65,
                    18,
                    110
                ],
                [
                    5,
                    22,
                    75
                ]
            ]
        },
        "Level_3": {
            "mean": 75.71428571428572,
            "std": 4.763809143009448,
            "simulation mean time": 3.7295006459974682,
            "simulation std time": 0.15567150326790263,
            "num_inter": 4,
            "num_detect": 10,
            "inter_state": [
                [
                    62,
                    35
                ],
                [
                    10,
                    50
                ],
                [
                    45,
                    32
                ],
                [
                    10,
                    24
                ]
            ],
            "detect_state": [
                [
                    10,
                    50,
                    90
                ],
                [
                    76,
                    60,
                    100
                ],
                [
                    30,
                    55,
                    90
                ],
                [
                    36,
                    50,
                    55
                ],
                [
                    60,
                    50,
                    100
                ],
                [
                    20,
                    32,
                    45
                ],
                [
                    36,
                    20,
                    75
                ],
                [
                    75,
                    32,
                    110
                ],
                [
                    65,
                    18,
                    110
                ],
                [
                    5,
                    22,
                    75
                ]
            ]
        },
        "Level_4": {
            "mean": 71.37142857142858,
            "std": 5.2056484236071965,
            "simulation mean time": 4.131230369992554,
            "simulation std time": 0.15294349020571066,
            "num_inter": 4,
            "num_detect": 10,
            "inter_state": [
                [
                    62,
                    35
                ],
                [
                    10,
                    50
                ],
                [
                    45,
                    32
                ],
                [
                    10,
                    24
                ]
            ],
            "detect_state": [
                [
                    10,
                    50,
                    90
                ],
                [
                    76,
                    60,
                    100
                ],
                [
                    30,
                    55,
                    90
                ],
                [
                    36,
                    50,
                    55
                ],
                [
                    60,
                    50,
                    100
                ],
                [
                    20,
                    32,
                    45
                ],
                [
                    36,
                    20,
                    75
                ],
                [
                    75,
                    32,
                    110
                ],
                [
                    65,
                    18,
                    110
                ],
                [
                    5,
                    22,
                    75
                ]
            ]
        },
        "Level_5": {
            "mean": 55.94285714285715,
            "std": 5.920286810482018,
            "simulation mean time": 6.3418854260048825,
            "simulation std time": 0.3813860669762324,
            "num_inter": 4,
            "num_detect": 10,
            "inter_state": [
                [
                    62,
                    35
                ],
                [
                    10,
                    50
                ],
                [
                    45,
                    32
                ],
                [
                    10,
                    24
                ]
            ],