{
    "config0": {
        "Level_1": {
            "mean": 100.0,
            "std": 0.0,
            "simulation mean time": 4.085252675989177,
            "simulation std time": 0.08694786154164844,
            "num_inter": 8,
            "num_detect": 8,
            "inter_state": [
                [
                    25,
                    38
                ],
                [
                    61,
                    40
                ],
                [
                    53,
                    62
                ],
                [
                    25,
                    14
                ],
                [
                    7,
                    68
                ],
                [
                    53,
                    6
                ],
                [
                    65,
                    66
                ],
                [
                    9,
                    8
                ]
            ],
            "detect_state": [
                [
                    25,
                    8,
                    90
                ],
                [
                    39,
                    16,
                    45
                ],
                [
                    37,
                    52,
                    20
                ],
                [
                    17,
                    36,
                    90
                ],
                [
                    21,
                    2,
                    135
                ],
                [
                    33,
                    8,
                    45
                ],
                [
                    65,
                    40,
                    150
                ],
                [
                    53,
                    50,
                    45
                ]
            ]
        },
        "Level_2": {
            "mean": 74.25714285714285,
            "std": 4.68161841892397,
            "simulation mean time": 4.164233805991244,
            "simulation std time": 0.14242904847682356,
            "num_inter": 8,
            "num_detect": 8,
            "inter_state": [
                [
                    25,
                    38
                ],
                [
                    61,
                    40
                ],
                [
                    53,
                    62
                ],
                [
                    25,
                    14
                ],
                [
                    7,
                    68
                ],
                [
                    53,
                    6
                ],
                [
                    65,
                    66
                ],
                [
                    9,
                    8
                ]
            ],
            "detect_state": [
                [
                    25,
                    8,
                    90
                ],
                [
                    39,
                    16,
                    45
                ],
                [
                    37,
                    52,
                    20
                ],
                [
                    17,
                    36,
                    90
                ],
                [
                    21,
                    2,
                    135
                ],
                [
                    33,
                    8,
                    45
                ],
                [
                    65,
                    40,
                    150
                ],
                [
                    53,
                    50,
                    45
                ]
            ]
        },
        "Level_3": {
            "mean": 54.62857142857143,
            "std": 6.210984344740554,
            "simulation mean time": 3.8187391839991323,
            "simulation std time": 0.15450688710890415,
            "num_inter": 8,
            "num_detect": 8,
            "inter_state": [
                [
                    25,
                    38
                ],
                [
                    61,
                    40
                ],
                [
                    53,
                    62
                ],
                [
                    25,
                    14
                ],
                [
                    7,
                    68
                ],
                [
                    53,
                    6
                ],
                [
                    65,
                    66
                ],
                [
                    9,
                    8
                ]
            ],
            "detect_state": [
                [
                    25,
                    8,
                    90
                ],
                [
                    39,
                    16,
                    45
                ],
                [
                    37,
                    52,
                    20
                ],
                [
                    17,
                    36,
                    90
                ],
                [
                    21,
                    2,
                    135
                ],
                [
                    33,
                    8,
                    45
                ],
                [
                    65,
                    40,
                    150
                ],
                [
                    53,
                    50,
                    45
                ]
            ]
        },
        "Level_4": {
            "mean": 53.91428571428572,
            "std": 5.259083492746001,
            "simulation mean time": 4.158408271998633,
            "simulation std time": 0.15112734240601436,
            "num_inter": 8,
            "num_detect": 8,
            "inter_state": [
                [
                    25,
                    38
                ],
                [
                    61,
                    40
                ],
                [
                    53,
                    62
                ],
                [
                    25,
                    14
                ],
                [
                    7,
                    68
                ],
                [
                    53,
                    6
                ],
                [
                    65,
                    66
                ],
                [
                    9,
                    8
                ]
            ],
            "detect_state": [
                [
                    25,
                    8,
                    90
                ],
                [
                    39,
                    16,
                    45
                ],
                [
                    37,
                    52,
                    20
                ],
                [
                    17,
                    36,
                    90
                ],
                [
                    21,
                    2,
                    135
                ],
                [
                    33,
                    8,
                    45
                ],
                [
                    65,
                    40,
                    150
                ],
                [
                    53,
                    50,
                    45
                ]
            ]
        },
        "Level_5": {
            "mean": 43.77142857142858,
            "std": 5.523678159357518,
            "simulation mean time": 5.851327804005705,
            "simulation std time": 0.3437084656316953,
            "num_inter": 8,
            "num_detect": 8,