{
    "config0": {
        "Level_1": {
            "mean": 100.0,
            "std": 0.0,
            "simulation mean time": 2.943449125988409,
            "simulation std time": 0.09251596600825801,
            "num_inter": 8,
            "num_detect": 8,
            "inter_state": [
                [
                    25,
                    38
                ],
                [
                    61,
                    40
                ],
                [
                    53,
                    62
                ],
                [
                    25,
                    14
                ],
                [
                    7,
                    68
                ],
                [
                    53,
                    6
                ],
                [
                    65,
                    66
                ],
                [
                    9,
                    8
                ]
            ],
            "detect_state": [
                [
                    25,
                    8,
                    90
                ],
                [
                    39,
                    16,
                    45
                ],
                [
                    37,
                    52,
                    20
                ],
                [
                    17,
                    36,
                    90
                ],
                [
                    21,
                    2,
                    135
                ],
                [
                    33,
                    8,
                    45
                ],
                [
                    65,
                    40,
                    150
                ],
                [
                    53,
                    50,
                    45
                ]
            ]
        },
        "Level_2": {
            "mean": 74.72,
            "std": 6.557560522023414,
            "simulation mean time": 2.9641685479856097,
            "simulation std time": 0.12044454013961468,
            "num_inter": 8,
            "num_detect": 8,
            "inter_state": [
                [
                    25,
                    38
                ],
                [
                    61,
                    40
                ],
                [
                    53,
                    62
                ],
                [
                    25,
                    14
                ],
                [
                    7,
                    68
                ],
                [
                    53,
                    6
                ],
                [
                    65,
                    66
                ],
                [
                    9,
                    8
                ]
            ],
            "detect_state": [
                [
                    25,
                    8,
                    90
                ],
                [
                    39,
                    16,
                    45
                ],
                [
                    37,
                    52,
                    20
                ],
                [
                    17,
                    36,
                    90
                ],
                [
                    21,
                    2,
                    135
                ],
                [
                    33,
                    8,
                    45
                ],
                [
                    65,
                    40,
                    150
                ],
                [
                    53,
                    50,
                    45
                ]
            ]
        },
        "Level_3": {
            "mean": 53.96,
            "std": 7.0482905728978,
            "simulation mean time": 2.6999191479966975,
            "simulation std time": 0.11187196056390132,
            "num_inter": 8,
            "num_detect": 8,
            "inter_state": [
                [
                    25,
                    38
                ],
                [
                    61,
                    40
                ],
                [
                    53,
                    62
                ],
                [
                    25,
                    14
                ],
                [
                    7,
                    68
                ],
                [
                    53,
                    6
                ],
                [
                    65,
                    66
                ],
                [
                    9,
                    8
                ]
            ],
            "detect_state": [
                [
                    25,
                    8,
                    90
                ],
                [
                    39,
                    16,
                    45
                ],
                [
                    37,
                    52,
                    20
                ],
                [
                    17,
                    36,
                    90
                ],
                [
                    21,
                    2,
                    135
                ],
                [
                    33,
                    8,
                    45
                ],
                [
                    65,
                    40,
                    150
                ],
                [
                    53,
                    50,
                    45
                ]
            ]
        },
        "Level_4": {
            "mean": 53.0,
            "std": 7.4859869088851605,
            "simulation mean time": 2.941510618003085,
            "simulation std time": 0.12755394135015782,
            "num_inter": 8,
            "num_detect": 8,
            "inter_state": [
                [
                    25,
                    38
                ],
                [
                    61,
                    40
                ],
                [
                    53,
                    62
                ],
                [
                    25,
                    14
                ],
                [
                    7,
                    68
                ],
                [
                    53,
                    6
                ],
                [
                    65,
                    66
                ],
                [
                    9,
                    8
                ]
            ],
            "detect_state": [
                [
                    25,
                    8,
                    90
                ],
                [
                    39,
                    16,
                    45
                ],
                [
                    37,
                    52,
                    20
                ],
                [
                    17,
                    36,
                    90
                ],
                [
                    21,
                    2,
                    135
                ],
                [
                    33,
                    8,
                    45
                ],
                [
                    65,
                    40,
                    150
                ],
                [
                    53,
                    50,
                    45
                ]
            ]
        },
        "Level_5": {
            "mean": 45.48,
            "std": 6.785985558487434,
            "simulation mean time": 3.7782326999958604,
            "simulation std time": 0.23020077602752337,
            "num_inter": 8,
            "num_detect": 8,