{
    "config0": {
        "Level_1": {
            "mean": 74.42222222222222,
            "std": 4.594629178067651,
            "simulation mean time": 5.259779959996231,
            "simulation std time": 0.09438336495933165,
            "num_inter": 4,
            "num_detect": 10,
            "inter_state": [
                [
                    62,
                    35
                ],
                [
                    10,
                    50
                ],
                [
                    45,
                    32
                ],
                [
                    10,
                    24
                ]
            ],
            "detect_state": [
                [
                    10,
                    50,
                    90
                ],
                [
                    76,
                    60,
                    100
                ],
                [
                    30,
                    55,
                    90
                ],
                [
                    36,
                    50,
                    55
                ],
                [
                    60,
                    50,
                    100
                ],
                [
                    20,
                    32,
                    45
                ],
                [
                    36,
                    20,
                    75
                ],
                [
                    75,
                    32,
                    110
                ],
                [
                    65,
                    18,
                    110
                ],
                [
                    5,
                    22,
                    75
                ]
            ]
        },
        "Level_2": {
            "mean": 75.68888888888888,
            "std": 4.4201558544668735,
            "simulation mean time": 5.234644581994507,
            "simulation std time": 0.1640980918289472,
            "num_inter": 4,
            "num_detect": 10,
            "inter_state": [
                [
                    62,
                    35
                ],
                [
                    10,
                    50
                ],
                [
                    45,
                    32
                ],
                [
                    10,
                    24
                ]
            ],
            "detect_state": [
                [
                    10,
                    50,
                    90
                ],
                [
                    76,
                    60,
                    100
                ],
                [
                    30,
                    55,
                    90
                ],
                [
                    36,
                    50,
                    55
                ],
                [
                    60,
                    50,
                    100
                ],
                [
                    20,
                    32,
                    45
                ],
                [
                    36,
                    20,
                    75
                ],
                [
                    75,
                    32,
                    110
                ],
                [
                    65,
                    18,
                    110
                ],
                [
                    5,
                    22,
                    75
                ]
            ]
        },
        "Level_3": {
            "mean": 74.73333333333333,
            "std": 5.267229224526278,
            "simulation mean time": 4.801492268003058,
            "simulation std time": 0.1704145472465831,
            "num_inter": 4,
            "num_detect": 10,
            "inter_state": [
                [
                    62,
                    35
                ],
                [
                    10,
                    50
                ],
                [
                    45,
                    32
                ],
                [
                    10,
                    24
                ]
            ],
            "detect_state": [
                [
                    10,
                    50,
                    90
                ],
                [
                    76,
                    60,
                    100
                ],
                [
                    30,
                    55,
                    90
                ],
                [
                    36,
                    50,
                    55
                ],
                [
                    60,
                    50,
                    100
                ],
                [
                    20,
                    32,
                    45
                ],
                [
                    36,
                    20,
                    75
                ],
                [
                    75,
                    32,
                    110
                ],
                [
                    65,
                    18,
                    110
                ],
                [
                    5,
                    22,
                    75
                ]
            ]
        },
        "Level_4": {
            "mean": 71.51111111111112,
            "std": 4.375916129830261,
            "simulation mean time": 5.301324626002461,
            "simulation std time": 0.195585726241415,
            "num_inter": 4,
            "num_detect": 10,
            "inter_state": [
                [
                    62,
                    35
                ],
                [
                    10,
                    50
                ],
                [
                    45,
                    32
                ],
                [
                    10,
                    24
                ]
            ],
            "detect_state": [
                [
                    10,
                    50,
                    90
                ],
                [
                    76,
                    60,
                    100
                ],
                [
                    30,
                    55,
                    90
                ],
                [
                    36,
                    50,
                    55
                ],
                [
                    60,
                    50,
                    100
                ],
                [
                    20,
                    32,
                    45
                ],
                [
                    36,
                    20,
                    75
                ],
                [
                    75,
                    32,
                    110
                ],
                [
                    65,
                    18,
                    110
                ],
                [
                    5,
                    22,
                    75
                ]
            ]
        },
        "Level_5": {
            "mean": 51.822222222222216,
            "std": 5.248209571244626,
            "simulation mean time": 9.433515909994021,
            "simulation std time": 0.6765233118445217,
            "num_inter": 4,
            "num_detect": 10,
            "inter_state": [
                [
                    62,
                    35
                ],
                [
                    10,
                    50
                ],
                [
                    45,
                    32
                ],
                [
                    10,
                    24
                ]
            ],