{
    "config0": {
        "Level_1": {
            "mean": 100.0,
            "std": 0.0,
            "simulation mean time": 6.410797655996866,
            "simulation std time": 0.11283039221102463,
            "num_inter": 8,
            "num_detect": 8,
            "inter_state": [
                [
                    25,
                    38
                ],
                [
                    61,
                    40
                ],
                [
                    53,
                    62
                ],
                [
                    25,
                    14
                ],
                [
                    7,
                    68
                ],
                [
                    53,
                    6
                ],
                [
                    65,
                    66
                ],
                [
                    9,
                    8
                ]
            ],
            "detect_state": [
                [
                    25,
                    8,
                    90
                ],
                [
                    39,
                    16,
                    45
                ],
                [
                    37,
                    52,
                    20
                ],
                [
                    17,
                    36,
                    90
                ],
                [
                    21,
                    2,
                    135
                ],
                [
                    33,
                    8,
                    45
                ],
                [
                    65,
                    40,
                    150
                ],
                [
                    53,
                    50,
                    45
                ]
            ]
        },
        "Level_2": {
            "mean": 75.61818181818182,
            "std": 3.3657978313205805,
            "simulation mean time": 6.518707805993035,
            "simulation std time": 0.16983561091724336,
            "num_inter": 8,
            "num_detect": 8,
            "inter_state": [
                [
                    25,
                    38
                ],
                [
                    61,
                    40
                ],
                [
                    53,
                    62
                ],
                [
                    25,
                    14
                ],
                [
                    7,
                    68
                ],
                [
                    53,
                    6
                ],
                [
                    65,
                    66
                ],
                [
                    9,
                    8
                ]
            ],
            "detect_state": [
                [
                    25,
                    8,
                    90
                ],
                [
                    39,
                    16,
                    45
                ],
                [
                    37,
                    52,
                    20
                ],
                [
                    17,
                    36,
                    90
                ],
                [
                    21,
                    2,
                    135
                ],
                [
                    33,
                    8,
                    45
                ],
                [
                    65,
                    40,
                    150
                ],
                [
                    53,
                    50,
                    45
                ]
            ]
        },
        "Level_3": {
            "mean": 54.65454545454545,
            "std": 5.0407922767020965,
            "simulation mean time": 5.935971772014163,
            "simulation std time": 0.17821021887741711,
            "num_inter": 8,
            "num_detect": 8,
            "inter_state": [
                [
                    25,
                    38
                ],
                [
                    61,
                    40
                ],
                [
                    53,
                    62
                ],
                [
                    25,
                    14
                ],
                [
                    7,
                    68
                ],
                [
                    53,
                    6
                ],
                [
                    65,
                    66
                ],
                [
                    9,
                    8
                ]
            ],
            "detect_state": [
                [
                    25,
                    8,
                    90
                ],
                [
                    39,
                    16,
                    45
                ],
                [
                    37,
                    52,
                    20
                ],
                [
                    17,
                    36,
                    90
                ],
                [
                    21,
                    2,
                    135
                ],
                [
                    33,
                    8,
                    45
                ],
                [
                    65,
                    40,
                    150
                ],
                [
                    53,
                    50,
                    45
                ]
            ]
        },
        "Level_4": {
            "mean": 53.61818181818182,
            "std": 4.281383880696088,
            "simulation mean time": 6.511852179993875,
            "simulation std time": 0.1717933567429726,
            "num_inter": 8,
            "num_detect": 8,
            "inter_state": [
                [
                    25,
                    38
                ],
                [
                    61,
                    40
                ],
                [
                    53,
                    62
                ],
                [
                    25,
                    14
                ],
                [
                    7,
                    68
                ],
                [
                    53,
                    6
                ],
                [
                    65,
                    66
                ],
                [
                    9,
                    8
                ]
            ],
            "detect_state": [
                [
                    25,
                    8,
                    90
                ],
                [
                    39,
                    16,
                    45
                ],
                [
                    37,
                    52,
                    20
                ],
                [
                    17,
                    36,
                    90
                ],
                [
                    21,
                    2,
                    135
                ],
                [
                    33,
                    8,
                    45
                ],
                [
                    65,
                    40,
                    150
                ],
                [
                    53,
                    50,
                    45
                ]
            ]
        },
        "Level_5": {
            "mean": 40.30909090909091,
            "std": 5.305883215282341,
            "simulation mean time": 10.76803800399648,
            "simulation std time": 0.7486931402493882,
            "num_inter": 8,
            "num_detect": 8,