{
    "config0": {
        "Level_1": {
            "mean": 74.6,
            "std": 8.638158239913055,
            "simulation mean time": 1.7465978239942341,
            "simulation std time": 0.07165127415163752,
            "num_inter": 4,
            "num_detect": 10,
            "inter_state": [
                [
                    62,
                    35
                ],
                [
                    10,
                    50
                ],
                [
                    45,
                    32
                ],
                [
                    10,
                    24
                ]
            ],
            "detect_state": [
                [
                    10,
                    50,
                    90
                ],
                [
                    76,
                    60,
                    100
                ],
                [
                    30,
                    55,
                    90
                ],
                [
                    36,
                    50,
                    55
                ],
                [
                    60,
                    50,
                    100
                ],
                [
                    20,
                    32,
                    45
                ],
                [
                    36,
                    20,
                    75
                ],
                [
                    75,
                    32,
                    110
                ],
                [
                    65,
                    18,
                    110
                ],
                [
                    5,
                    22,
                    75
                ]
            ]
        },
        "Level_2": {
            "mean": 75.6,
            "std": 7.555424835470505,
            "simulation mean time": 1.7308409899985417,
            "simulation std time": 0.12794997716228593,
            "num_inter": 4,
            "num_detect": 10,
            "inter_state": [
                [
                    62,
                    35
                ],
                [
                    10,
                    50
                ],
                [
                    45,
                    32
                ],
                [
                    10,
                    24
                ]
            ],
            "detect_state": [
                [
                    10,
                    50,
                    90
                ],
                [
                    76,
                    60,
                    100
                ],
                [
                    30,
                    55,
                    90
                ],
                [
                    36,
                    50,
                    55
                ],
                [
                    60,
                    50,
                    100
                ],
                [
                    20,
                    32,
                    45
                ],
                [
                    36,
                    20,
                    75
                ],
                [
                    75,
                    32,
                    110
                ],
                [
                    65,
                    18,
                    110
                ],
                [
                    5,
                    22,
                    75
                ]
            ]
        },
        "Level_3": {
            "mean": 76.46666666666667,
            "std": 7.284992183325329,
            "simulation mean time": 1.5836539099994116,
            "simulation std time": 0.08673072967222559,
            "num_inter": 4,
            "num_detect": 10,
            "inter_state": [
                [
                    62,
                    35
                ],
                [
                    10,
                    50
                ],
                [
                    45,
                    32
                ],
                [
                    10,
                    24
                ]
            ],
            "detect_state": [
                [
                    10,
                    50,
                    90
                ],
                [
                    76,
                    60,
                    100
                ],
                [
                    30,
                    55,
                    90
                ],
                [
                    36,
                    50,
                    55
                ],
                [
                    60,
                    50,
                    100
                ],
                [
                    20,
                    32,
                    45
                ],
                [
                    36,
                    20,
                    75
                ],
                [
                    75,
                    32,
                    110
                ],
                [
                    65,
                    18,
                    110
                ],
                [
                    5,
                    22,
                    75
                ]
            ]
        },
        "Level_4": {
            "mean": 70.73333333333333,
            "std": 7.127100080366178,
            "simulation mean time": 1.7983138619968668,
            "simulation std time": 0.08166432293121222,
            "num_inter": 4,
            "num_detect": 10,
            "inter_state": [
                [
                    62,
                    35
                ],
                [
                    10,
                    50
                ],
                [
                    45,
                    32
                ],
                [
                    10,
                    24
                ]
            ],
            "detect_state": [
                [
                    10,
                    50,
                    90
                ],
                [
                    76,
                    60,
                    100
                ],
                [
                    30,
                    55,
                    90
                ],
                [
                    36,
                    50,
                    55
                ],
                [
                    60,
                    50,
                    100
                ],
                [
                    20,
                    32,
                    45
                ],
                [
                    36,
                    20,
                    75
                ],
                [
                    75,
                    32,
                    110
                ],
                [
                    65,
                    18,
                    110
                ],
                [
                    5,
                    22,
                    75
                ]
            ]
        },
        "Level_5": {
            "mean": 64.06666666666666,
            "std": 8.571010571818368,
            "simulation mean time": 2.0487060180003756,
            "simulation std time": 0.11406525399844343,
            "num_inter": 4,
            "num_detect": 10,
            "inter_state": [
                [
                    62,
                    35
                ],
                [
                    10,
                    50
                ],
                [
                    45,
                    32
                ],
                [
                    10,
                    24
                ]
            ],