{
    "config0": {
        "Level_1": {
            "mean": 75.23636363636363,
            "std": 4.594499046425336,
            "simulation mean time": 6.456694828006439,
            "simulation std time": 0.12361938993825784,
            "num_inter": 4,
            "num_detect": 10,
            "inter_state": [
                [
                    62,
                    35
                ],
                [
                    10,
                    50
                ],
                [
                    45,
                    32
                ],
                [
                    10,
                    24
                ]
            ],
            "detect_state": [
                [
                    10,
                    50,
                    90
                ],
                [
                    76,
                    60,
                    100
                ],
                [
                    30,
                    55,
                    90
                ],
                [
                    36,
                    50,
                    55
                ],
                [
                    60,
                    50,
                    100
                ],
                [
                    20,
                    32,
                    45
                ],
                [
                    36,
                    20,
                    75
                ],
                [
                    75,
                    32,
                    110
                ],
                [
                    65,
                    18,
                    110
                ],
                [
                    5,
                    22,
                    75
                ]
            ]
        },
        "Level_2": {
            "mean": 75.74545454545454,
            "std": 4.421734448967971,
            "simulation mean time": 6.3522562120039945,
            "simulation std time": 0.18625780302737951,
            "num_inter": 4,
            "num_detect": 10,
            "inter_state": [
                [
                    62,
                    35
                ],
                [
                    10,
                    50
                ],
                [
                    45,
                    32
                ],
                [
                    10,
                    24
                ]
            ],
            "detect_state": [
                [
                    10,
                    50,
                    90
                ],
                [
                    76,
                    60,
                    100
                ],
                [
                    30,
                    55,
                    90
                ],
                [
                    36,
                    50,
                    55
                ],
                [
                    60,
                    50,
                    100
                ],
                [
                    20,
                    32,
                    45
                ],
                [
                    36,
                    20,
                    75
                ],
                [
                    75,
                    32,
                    110
                ],
                [
                    65,
                    18,
                    110
                ],
                [
                    5,
                    22,
                    75
                ]
            ]
        },
        "Level_3": {
            "mean": 74.94545454545454,
            "std": 3.8015220962048746,
            "simulation mean time": 5.812467545988039,
            "simulation std time": 0.17803106192908172,
            "num_inter": 4,
            "num_detect": 10,
            "inter_state": [
                [
                    62,
                    35
                ],
                [
                    10,
                    50
                ],
                [
                    45,
                    32
                ],
                [
                    10,
                    24
                ]
            ],
            "detect_state": [
                [
                    10,
                    50,
                    90
                ],
                [
                    76,
                    60,
                    100
                ],
                [
                    30,
                    55,
                    90
                ],
                [
                    36,
                    50,
                    55
                ],
                [
                    60,
                    50,
                    100
                ],
                [
                    20,
                    32,
                    45
                ],
                [
                    36,
                    20,
                    75
                ],
                [
                    75,
                    32,
                    110
                ],
                [
                    65,
                    18,
                    110
                ],
                [
                    5,
                    22,
                    75
                ]
            ]
        },
        "Level_4": {
            "mean": 70.96363636363635,
            "std": 4.046874112527425,
            "simulation mean time": 6.422200466000941,
            "simulation std time": 0.1776496095737758,
            "num_inter": 4,
            "num_detect": 10,
            "inter_state": [
                [
                    62,
                    35
                ],
                [
                    10,
                    50
                ],
                [
                    45,
                    32
                ],
                [
                    10,
                    24
                ]
            ],
            "detect_state": [
                [
                    10,
                    50,
                    90
                ],
                [
                    76,
                    60,
                    100
                ],
                [
                    30,
                    55,
                    90
                ],
                [
                    36,
                    50,
                    55
                ],
                [
                    60,
                    50,
                    100
                ],
                [
                    20,
                    32,
                    45
                ],
                [
                    36,
                    20,
                    75
                ],
                [
                    75,
                    32,
                    110
                ],
                [
                    65,
                    18,
                    110
                ],
                [
                    5,
                    22,
                    75
                ]
            ]
        },
        "Level_5": {
            "mean": 47.01818181818182,
            "std": 5.502936856769008,
            "simulation mean time": 12.41516981001012,
            "simulation std time": 0.9782228874574618,
            "num_inter": 4,
            "num_detect": 10,
            "inter_state": [
                [
                    62,
                    35
                ],
                [
                    10,
                    50
                ],
                [
                    45,
                    32
                ],
                [
                    10,
                    24
                ]
            ],