{
    "config0": {
        "Level_1": {
            "mean": 75.28,
            "std": 6.049925619377481,
            "simulation mean time": 2.9600912100123242,
            "simulation std time": 0.09370009057323228,
            "num_inter": 4,
            "num_detect": 10,
            "inter_state": [
                [
                    62,
                    35
                ],
                [
                    10,
                    50
                ],
                [
                    45,
                    32
                ],
                [
                    10,
                    24
                ]
            ],
            "detect_state": [
                [
                    10,
                    50,
                    90
                ],
                [
                    76,
                    60,
                    100
                ],
                [
                    30,
                    55,
                    90
                ],
                [
                    36,
                    50,
                    55
                ],
                [
                    60,
                    50,
                    100
                ],
                [
                    20,
                    32,
                    45
                ],
                [
                    36,
                    20,
                    75
                ],
                [
                    75,
                    32,
                    110
                ],
                [
                    65,
                    18,
                    110
                ],
                [
                    5,
                    22,
                    75
                ]
            ]
        },
        "Level_2": {
            "mean": 75.48,
            "std": 5.5829741177977885,
            "simulation mean time": 2.893851357991807,
            "simulation std time": 0.13334563391316462,
            "num_inter": 4,
            "num_detect": 10,
            "inter_state": [
                [
                    62,
                    35
                ],
                [
                    10,
                    50
                ],
                [
                    45,
                    32
                ],
                [
                    10,
                    24
                ]
            ],
            "detect_state": [
                [
                    10,
                    50,
                    90
                ],
                [
                    76,
                    60,
                    100
                ],
                [
                    30,
                    55,
                    90
                ],
                [
                    36,
                    50,
                    55
                ],
                [
                    60,
                    50,
                    100
                ],
                [
                    20,
                    32,
                    45
                ],
                [
                    36,
                    20,
                    75
                ],
                [
                    75,
                    32,
                    110
                ],
                [
                    65,
                    18,
                    110
                ],
                [
                    5,
                    22,
                    75
                ]
            ]
        },
        "Level_3": {
            "mean": 74.52,
            "std": 6.347408920181526,
            "simulation mean time": 2.6436727000097746,
            "simulation std time": 0.1129585372441438,
            "num_inter": 4,
            "num_detect": 10,
            "inter_state": [
                [
                    62,
                    35
                ],
                [
                    10,
                    50
                ],
                [
                    45,
                    32
                ],
                [
                    10,
                    24
                ]
            ],
            "detect_state": [
                [
                    10,
                    50,
                    90
                ],
                [
                    76,
                    60,
                    100
                ],
                [
                    30,
                    55,
                    90
                ],
                [
                    36,
                    50,
                    55
                ],
                [
                    60,
                    50,
                    100
                ],
                [
                    20,
                    32,
                    45
                ],
                [
                    36,
                    20,
                    75
                ],
                [
                    75,
                    32,
                    110
                ],
                [
                    65,
                    18,
                    110
                ],
                [
                    5,
                    22,
                    75
                ]
            ]
        },
        "Level_4": {
            "mean": 70.6,
            "std": 6.624198064671678,
            "simulation mean time": 2.9316621960047633,
            "simulation std time": 0.1395727108970106,
            "num_inter": 4,
            "num_detect": 10,
            "inter_state": [
                [
                    62,
                    35
                ],
                [
                    10,
                    50
                ],
                [
                    45,
                    32
                ],
                [
                    10,
                    24
                ]
            ],
            "detect_state": [
                [
                    10,
                    50,
                    90
                ],
                [
                    76,
                    60,
                    100
                ],
                [
                    30,
                    55,
                    90
                ],
                [
                    36,
                    50,
                    55
                ],
                [
                    60,
                    50,
                    100
                ],
                [
                    20,
                    32,
                    45
                ],
                [
                    36,
                    20,
                    75
                ],
                [
                    75,
                    32,
                    110
                ],
                [
                    65,
                    18,
                    110
                ],
                [
                    5,
                    22,
                    75
                ]
            ]
        },
        "Level_5": {
            "mean": 62.2,
            "std": 6.3655321851358195,
            "simulation mean time": 3.962969522001222,
            "simulation std time": 0.18471077254452278,
            "num_inter": 4,
            "num_detect": 10,
            "inter_state": [
                [
                    62,
                    35
                ],
                [
                    10,
                    50
                ],
                [
                    45,
                    32
                ],
                [
                    10,
                    24
                ]
            ],