{
    "config0": {
        "Level_1": {
            "mean": 100.0,
            "std": 0.0,
            "simulation mean time": 5.2201912799943235,
            "simulation std time": 0.08871577928603397,
            "num_inter": 8,
            "num_detect": 8,
            "inter_state": [
                [
                    25,
                    38
                ],
                [
                    61,
                    40
                ],
                [
                    53,
                    62
                ],
                [
                    25,
                    14
                ],
                [
                    7,
                    68
                ],
                [
                    53,
                    6
                ],
                [
                    65,
                    66
                ],
                [
                    9,
                    8
                ]
            ],
            "detect_state": [
                [
                    25,
                    8,
                    90
                ],
                [
                    39,
                    16,
                    45
                ],
                [
                    37,
                    52,
                    20
                ],
                [
                    17,
                    36,
                    90
                ],
                [
                    21,
                    2,
                    135
                ],
                [
                    33,
                    8,
                    45
                ],
                [
                    65,
                    40,
                    150
                ],
                [
                    53,
                    50,
                    45
                ]
            ]
        },
        "Level_2": {
            "mean": 75.33333333333333,
            "std": 4.286067004885759,
            "simulation mean time": 5.379606085997075,
            "simulation std time": 0.143885692374422,
            "num_inter": 8,
            "num_detect": 8,
            "inter_state": [
                [
                    25,
                    38
                ],
                [
                    61,
                    40
                ],
                [
                    53,
                    62
                ],
                [
                    25,
                    14
                ],
                [
                    7,
                    68
                ],
                [
                    53,
                    6
                ],
                [
                    65,
                    66
                ],
                [
                    9,
                    8
                ]
            ],
            "detect_state": [
                [
                    25,
                    8,
                    90
                ],
                [
                    39,
                    16,
                    45
                ],
                [
                    37,
                    52,
                    20
                ],
                [
                    17,
                    36,
                    90
                ],
                [
                    21,
                    2,
                    135
                ],
                [
                    33,
                    8,
                    45
                ],
                [
                    65,
                    40,
                    150
                ],
                [
                    53,
                    50,
                    45
                ]
            ]
        },
        "Level_3": {
            "mean": 54.08888888888889,
            "std": 4.886059787488646,
            "simulation mean time": 4.9233809739979915,
            "simulation std time": 0.1650671676543692,
            "num_inter": 8,
            "num_detect": 8,
            "inter_state": [
                [
                    25,
                    38
                ],
                [
                    61,
                    40
                ],
                [
                    53,
                    62
                ],
                [
                    25,
                    14
                ],
                [
                    7,
                    68
                ],
                [
                    53,
                    6
                ],
                [
                    65,
                    66
                ],
                [
                    9,
                    8
                ]
            ],
            "detect_state": [
                [
                    25,
                    8,
                    90
                ],
                [
                    39,
                    16,
                    45
                ],
                [
                    37,
                    52,
                    20
                ],
                [
                    17,
                    36,
                    90
                ],
                [
                    21,
                    2,
                    135
                ],
                [
                    33,
                    8,
                    45
                ],
                [
                    65,
                    40,
                    150
                ],
                [
                    53,
                    50,
                    45
                ]
            ]
        },
        "Level_4": {
            "mean": 54.644444444444446,
            "std": 4.805809241858836,
            "simulation mean time": 5.349254380003549,
            "simulation std time": 0.1899805411362623,
            "num_inter": 8,
            "num_detect": 8,
            "inter_state": [
                [
                    25,
                    38
                ],
                [
                    61,
                    40
                ],
                [
                    53,
                    62
                ],
                [
                    25,
                    14
                ],
                [
                    7,
                    68
                ],
                [
                    53,
                    6
                ],
                [
                    65,
                    66
                ],
                [
                    9,
                    8
                ]
            ],
            "detect_state": [
                [
                    25,
                    8,
                    90
                ],
                [
                    39,
                    16,
                    45
                ],
                [
                    37,
                    52,
                    20
                ],
                [
                    17,
                    36,
                    90
                ],
                [
                    21,
                    2,
                    135
                ],
                [
                    33,
                    8,
                    45
                ],
                [
                    65,
                    40,
                    150
                ],
                [
                    53,
                    50,
                    45
                ]
            ]
        },
        "Level_5": {
            "mean": 41.777777777777786,
            "std": 4.729732589731726,
            "simulation mean time": 8.150923229996115,
            "simulation std time": 0.5299265160240226,
            "num_inter": 8,
            "num_detect": 8,